Radius,displacement
0.1,-17.891089137161583
1.0,-13.528377239069751
10.0,-9.165665340977919
100.0,-4.802953442886087
500.0,-1.7535486885600393
1000.0,-0.44024154479425587
